layer,slope_raw,p_raw,slope_cos,p_cos
0,0.0,,0.0,
1,-0.2462877570866585,5.973571589765321e-09,-0.016010720341482546,6.5167837380882165e-09
2,0.09759384635612074,0.06482370951531181,0.004446454354922773,0.13659123826394223
3,0.10979362039445069,0.07538913347396123,0.006231233484679965,0.03233977020118196
4,-0.1744682205356012,0.026592733564693896,-0.005586776803483886,0.06419226644824176
5,-0.6074604081395313,7.072660819758396e-11,-0.018955417672788934,3.549325627957965e-10
6,-0.1449978447803988,0.026610005827255562,-0.004626726287383545,0.014022449663715105
7,0.04099452225404351,0.5122659138509618,-0.0002861767534778377,0.8713753390675523
8,-0.04560179061819617,0.5063565494232319,-0.0011752707836698761,0.5393500278382918
9,-0.4582992139502425,1.2816870329823537e-07,-0.01270180368365146,2.441824711894132e-07
10,-0.7884476277474888,2.226288525394738e-14,-0.019158922234806273,1.399330825393708e-13
11,-0.9315728577179649,1.4676115948712163e-13,-0.01699620573340017,2.5478207109288055e-12
12,-0.41304060155463623,1.0014270388435953e-05,-0.012675942561510842,1.2602726045072459e-07
13,-0.7236349345685963,1.4643280015374785e-10,-0.017231501762947788,7.54722999700737e-11
14,-1.525858641649598,1.0235461795515394e-16,-0.02941058217324019,1.1509525813480276e-15
15,-1.501795959759141,1.2373391140265552e-15,-0.0237718094334265,2.9915744687196737e-14
16,-1.5629616749143416,2.6120208204634672e-17,-0.025932196073124667,2.4608934116136262e-15
17,-1.118778748971439,2.811970574043184e-12,-0.019209154038901412,3.1190507660550984e-11
18,-1.111735708512197,6.46708385334058e-10,-0.018923717628849254,4.3121646482382925e-10
19,-0.9642359982663706,2.4202643092824924e-07,-0.015278534232470919,1.0301312835892149e-07
20,-1.6735852055619662,1.3837289833403406e-08,-0.02261451087762741,2.8564489400061196e-10
21,-0.9846560116126163,0.0002928567831628792,-0.012055613674414293,0.00015176406423539758
22,-1.478726036343301,1.7135330547602462e-06,-0.01415323761224541,2.0799393447730334e-06
23,-0.984474835862146,0.004280585738251782,-0.00786397949127137,0.005185006042755877
24,-0.5433160888496165,0.14484448726275745,-0.0035897518698609254,0.1721889389796321
25,-0.2864554281069217,0.5054046847438132,-0.0015730867583206103,0.5636963521875492
26,-0.6032932879132173,0.18816153961862853,-0.0021360772442867203,0.34562203813413417
27,-0.9832271486799311,0.0545650535356354,-0.0017363450023655325,0.34018967827887137
28,-0.5431564915800909,0.27226791684264057,-0.006785158296754497,0.014672276256315554
