task,turn,best_pool,harm,tfidf_prefix,delta_sep,n_pos,n_neg,auc_harm_proj,auc_harm_mean,auc_harm_max,auc_harm_maxroll,auc_harm_meannew
attack_success vs benign_real,0,harm_maxroll,0.0,0.9471962616822429,0.05280373831775709,107,40,0.8049065420560748,0.8144859813084112,0.48574766355140186,0.0,0.8144859813084112
attack_success vs benign_real,1,harm_maxroll,0.0,0.9724299065420561,0.027570093457943923,107,40,0.8712616822429906,0.9226635514018692,0.5988317757009346,0.0,0.8761682242990654
attack_success vs benign_real,2,harm_maxroll,0.0,0.9965313909122442,0.003468609087755814,93,31,0.9007977800901839,0.9476240027748872,0.31321540062434966,0.0,0.9320152618799862
attack_success vs benign_real,3,harm_maxroll,0.0,0.9986329460013671,0.0013670539986329056,77,19,0.9624060150375939,0.9753930280246069,0.2727272727272727,0.0,0.9685577580314423
attack_success vs benign_real,4,harm_maxroll,0.0,0.9916666666666667,0.008333333333333304,60,8,0.9604166666666667,0.9729166666666667,0.5229166666666667,0.0,0.9375
attack_success vs benign_real,5,harm_maxroll,0.0,0.9532967032967034,0.04670329670329665,52,7,0.9615384615384616,0.9725274725274725,0.5631868131868132,0.0,0.9230769230769231
attack_success vs benign,0,harm_maxroll,0.0,0.9771028037383178,0.022897196261682184,107,20,0.958411214953271,0.6621495327102803,0.7675233644859814,0.0,0.6621495327102803
attack_success vs benign,1,harm_maxroll,0.0,0.9967289719626169,0.0032710280373831058,107,20,0.983177570093458,0.8794392523364486,0.8967289719626168,0.0,0.8616822429906542
attack_success vs benign,2,harm_maxroll,0.0,0.9946236559139785,0.005376344086021501,93,20,0.9424731182795699,0.9043010752688172,0.2,0.0,0.896774193548387
attack_success vs benign,3,harm_maxroll,0.0,1.0,0.0,77,20,0.9090909090909091,0.9084415584415585,0.14935064935064934,0.0,0.8655844155844156
attack_success vs attack_fail,0,harm_max,0.34831056793673615,0.31128684399712436,-0.037023723939611786,107,13,0.5819554277498202,0.46477354421279654,0.34831056793673615,0.35514018691588783,0.46477354421279654
attack_success vs attack_fail,1,harm_mean,0.4115744069015097,0.400431344356578,-0.011143062544931692,107,13,0.4654924514737599,0.4115744069015097,0.44716031631919484,0.41480948957584474,0.41229331416247306
attack_success vs attack_fail,2,harm_mean,0.4359318996415771,0.3360215053763441,-0.09991039426523296,93,12,0.4592293906810036,0.4359318996415771,0.5416666666666666,0.5362903225806451,0.43951612903225806
attack_success vs attack_fail,3,harm_proj,0.32290436835891384,0.30932703659976385,-0.013577331759149991,77,11,0.32290436835891384,0.4079102715466352,0.6517119244391971,0.6587957497048406,0.37131050767414403
attack_success vs attack_fail,4,harm_meannew,0.33240740740740743,0.36481481481481487,0.03240740740740744,60,9,0.3398148148148148,0.36944444444444446,0.4981481481481482,0.5333333333333333,0.33240740740740743
attack_success vs attack_fail,5,harm_proj,0.0673076923076923,0.42628205128205127,0.358974358974359,52,6,0.0673076923076923,0.2724358974358974,0.3349358974358974,0.36538461538461536,0.25961538461538464
